platform,app_name,date,rating,title,text
Google Play,com.nextbillion.groww,2025-12-04T20:16:57Z,5,Gopal Verma,very very good app hai
Google Play,com.nextbillion.groww,2025-12-04T19:19:31Z,5,ADV Rupak Roy choudhury,Easy to operate. Good üëç
Google Play,com.nextbillion.groww,2025-12-04T19:05:02Z,4,Hemant Ratan,The chart seems a bit slow. It sometimes hangs. It would be great if this problem could be resolved.
Google Play,com.nextbillion.groww,2025-12-04T19:03:51Z,3,BASAVARAJA NT,"Dear Grow, kindly include the Options strategy, payoff diagram with decay and more. we need to depend on other apps to get this info. Thanks for understanding."
Google Play,com.nextbillion.groww,2025-12-04T18:57:54Z,5,Bhanu Priya,"I started small with a few mutual funds, and now I track all my returns in one place. The layout shows invested amount, profit, and CAGR clearly. It keeps me motivated to invest regularly without needing spreadsheets."
Google Play,com.nextbillion.groww,2025-12-04T18:54:36Z,1,Ramesh chand,iska khud car stock hi down chal raha hai yah ek froud app hai jiske svam ke stock par hi logo ka bharosa nahi hai
Google Play,com.nextbillion.groww,2025-12-04T18:50:06Z,4,Trinath,I find the performance tracking for my investments quite intuitive. The interface shows long-term and short-term returns side by side. Adding tax-adjusted or post-expense ratio returns would make it more insightful for serious investors.
Google Play,com.nextbillion.groww,2025-12-04T18:47:35Z,5,Sunitha Iyer,"I appreciate how quick and stable the trading execution is. Even when the market is volatile, orders go through without lag. The app also shows clear profit and loss summaries, which is helpful for tracking my daily trades."
Google Play,com.nextbillion.groww,2025-12-04T18:17:15Z,4,Dheeraj,This app works well for casual traders who don‚Äôt need complex tools. Placing limit and market orders feels seamless. It could add options like trailing stop loss or bracket orders to make trading more flexible.
Google Play,com.nextbillion.groww,2025-12-04T18:14:48Z,5,Radha Krishna,"The latest update made the interface faster and more intuitive. I love how I can switch from SIPs to stocks seamlessly. The portfolio section loads instantly, and charts open without delay, making it perfect for daily use."
Google Play,com.nextbillion.groww,2025-12-04T17:54:52Z,4,Kanaka Mahalaxmi,"I like the clean and structured dashboard design. It helps me find what I need without extra effort. The color scheme is soft on the eyes, and even while checking SIP or fund details late at night, everything looks balanced and easy to read."
Google Play,com.nextbillion.groww,2025-12-04T17:52:45Z,3,Siddhesh Shivatare,Also Add Bitcoin Trading And Oi Chain Need An Improvement üòû As It Don't Provide Lots Of Information üòî.
Google Play,com.nextbillion.groww,2025-12-04T17:24:33Z,5,Nilesh R Patil,"please add stochastic indicator, which is very useful"
Google Play,com.nextbillion.groww,2025-12-04T17:15:39Z,1,VK RANA,no starting grow Stoket Mutual
Google Play,com.nextbillion.groww,2025-12-04T16:22:53Z,1,BLACK DAY BEATS,extreme money deduction some times 500 rs for -17 loss
Google Play,com.nextbillion.groww,2025-12-04T15:48:26Z,1,Pavan G V,I don't like this app now a days became more hidden charges all f and o money gobe for charges
Google Play,com.nextbillion.groww,2025-12-04T15:45:51Z,1,Ashish Shinde,worst app --- i already diposit money last 9 days ago but not yet received in groww app and refund in my bank
Google Play,com.nextbillion.groww,2025-12-04T15:39:42Z,3,Jayshree Hariyani,"Dear developers, stop removing customisation and features from TradingView chart as new Groww chart is too basic."
Google Play,com.nextbillion.groww,2025-12-04T15:29:32Z,3,Prashant,"groww should re add that feature that shows instant up/down within 5 min ,15min and 1 hour that was shown in an earlier version but now I am not getting that in positions tab. for example a stock moves up/down instantly then it can be seen inside that window. this feature was added previously but now as you removed."
Google Play,com.nextbillion.groww,2025-12-04T15:08:23Z,1,Ayan Rana,"at time of withdrawal, groww do not mention about extra brokerage charges . very bad don't use , use paytm or zerodha instead"
Google Play,com.nextbillion.groww,2025-12-04T14:50:20Z,5,Rupam Bhattacharjee,"SWP and STP set up and status should be visible from the app. as of now, it feels like app is not the ultimate destination for all crucial features"
Google Play,com.nextbillion.groww,2025-12-04T14:44:22Z,1,Rakesh Roushan,It is very bad for other apps before nowadays this app will improve so it like app
Google Play,com.nextbillion.groww,2025-12-04T14:40:39Z,1,Amol Gaikwad,"Groww charts are pathetic, because they do not work smoothly with ease, also the loading time of the charts is very very slow, which causes late execution in the market, also the charts keep lagging and flickering during live markets, please fix this issue."
Google Play,com.nextbillion.groww,2025-12-04T14:32:02Z,4,Viraj JW Marriott,easy to use and understand
Google Play,com.nextbillion.groww,2025-12-04T14:13:33Z,5,D.G gaming,super app for trading
Google Play,com.nextbillion.groww,2025-12-04T14:08:27Z,4,Sandeep Jangra,everything is fine but in this update percentage increase or decrease since added in watchlist is not showing which was very helpful. please add the same feature.
Google Play,com.nextbillion.groww,2025-12-04T13:06:07Z,5,Ajay Singh,very good experience
Google Play,com.nextbillion.groww,2025-12-04T13:04:22Z,4,Royal Star,"I tried a few investment apps before settling on Groww. It‚Äôs one of the easiest to understand in terms of fund selection and SIP management. Some pages could load faster, but the overall experience makes investing feel simple and approachable."
Google Play,com.nextbillion.groww,2025-12-04T12:47:53Z,2,Mitul Gayakvad,drag & drop SL/TP TRADE right on Stop loss and target levels directly on the chart with a simple drag& drop . just grab your sl or tp line and move it where you it. why it matters : * perfect to fast- placed intraday and setup * adjust your SL/tp on the fly by reacting to price action *visual intuitive and superfast
Google Play,com.nextbillion.groww,2025-12-04T12:33:39Z,1,pavan kumar,"do not invest or track on Bonds from Groww app, you will end up with very bad experience, they don't give you proper response and push their flaws on NCDs or RTAs. still same response after multiple mails to their support"
Google Play,com.nextbillion.groww,2025-12-04T12:25:11Z,4,Anu Maurya,open your demat account and US grow app
Google Play,com.nextbillion.groww,2025-12-04T12:17:39Z,5,Dhara v Kotecha,best treding app in india
Google Play,com.nextbillion.groww,2025-12-04T11:20:41Z,5,Sonu Bhatt,good thank you best my broker
Google Play,com.nextbillion.groww,2025-12-04T11:14:08Z,5,NAVI,"I'm a user of groww . I my opinion it's very user friendly, one tap trade is very quick buy and exit"
Google Play,com.nextbillion.groww,2025-12-04T10:54:19Z,5,vinod kumar,"Hello, I would like to tell you two things about mutual funds. First, there is a step up in mutual funds, it should be in percentage and second, mutual fund SIP should be done on daily basis and also on weekly basis, this will make the application even more attractive."
Google Play,com.nextbillion.groww,2025-12-04T10:47:06Z,1,Kondal Rao Kondal Rao,worst app ever I have lost 500 this app is taking all money saying charges
Google Play,com.nextbillion.groww,2025-12-04T10:08:30Z,5,Ajesh Rca,Ajesh Rca Nice treding app
Google Play,com.nextbillion.groww,2025-12-04T09:48:03Z,5,Divyansh Singh Rajput,its a nice app having nice experience with it
Google Play,com.nextbillion.groww,2025-12-04T09:25:42Z,2,kk das,I like the simplicity of the app but the dashboard seems messy if we have multiple funds of different categories. there is no way to group or see funds under certain categories.
Google Play,com.nextbillion.groww,2025-12-04T08:31:44Z,5,Banwari Pareek,yah bahut iji hai aur faydemand hai
Google Play,com.nextbillion.groww,2025-12-04T08:07:34Z,5,Keka Mandal,very good app for soloing all the investment.
Google Play,com.nextbillion.groww,2025-12-04T06:35:48Z,5,Tapan Raj,very nice service service service
Google Play,com.nextbillion.groww,2025-12-03T23:51:55Z,3,vikas laxkar,if you want to empty ur bank account use this app.
Google Play,com.nextbillion.groww,2025-12-03T23:31:07Z,1,Ramandeep Kumar,"very poor customer service , many time i request to close commodity Trading segment but they are not closing. so very poor and very horrible app. not able to trust. so i am going quit trading on this app."
Google Play,com.nextbillion.groww,2025-12-03T23:13:03Z,5,Shalinee Sahoo,it's been 1.5 years I am using groww. However since then till now they have improved a lot. They have improved their UI which is very easy for beginners. I prefer this app over any other investment apps coz of it's simple UI. I have invested in stocks and mutual fund through this app as the steps were very easy. A beginner can easily understand how to use this app and even portfolio tracking is also very easy using this app.
Google Play,com.nextbillion.groww,2025-12-03T21:51:38Z,5,Aditya Tiwari,very nice app for stock market
Google Play,com.nextbillion.groww,2025-12-03T20:54:55Z,3,Abhi Abhi,"bro , brokerage and taxes are too much"
Google Play,com.nextbillion.groww,2025-12-03T20:50:20Z,3,iTs RiTik,need update desktop üñ•Ô∏è .
Google Play,com.nextbillion.groww,2025-12-03T18:53:56Z,2,Sanjay Verma,In ipo section HNI category is missing. Please add this Category
Google Play,com.nextbillion.groww,2025-12-03T18:40:39Z,1,Ratadiya Bavku,add small amount trading
Google Play,com.nextbillion.groww,2025-12-03T18:17:06Z,1,Anupama Kattimani,"tpin not taking even not showing keypad for Tpin, not helpful"
Google Play,com.nextbillion.groww,2025-12-03T18:09:30Z,3,ADIL SHAH,"Please add that lets you see the holdings of the mutual fund. Also stocks holding page is way too ineffecient, requiring numerous taps to see P&L and current share price change, its a hassle if there are too many stocks, and yes the about section of a company should include summery of what company actually does."
Google Play,com.nextbillion.groww,2025-12-03T17:53:35Z,5,Hemanth Raja kuncham,"All ok, but IPO for SME were not available"
Google Play,com.nextbillion.groww,2025-12-03T17:30:31Z,5,SAJID Sk,my first trading and investment app I loved it üòä
Google Play,com.nextbillion.groww,2025-12-03T17:07:44Z,5,Ghosh Su,so good app I am 15 you are good üòäüòä
Google Play,com.nextbillion.groww,2025-12-03T16:56:37Z,2,Rehan Shaikh,it takes way to long to withdraw money. once the transation is complete in the market money withdrawel should not take a minute.
Google Play,com.nextbillion.groww,2025-12-03T16:09:45Z,1,Md Shamim Ansari,It is not installing on my mobile
Google Play,com.nextbillion.groww,2025-12-03T16:03:27Z,1,OshoChandra RamChandra Nayak,"Useless, Suspicious, pretentious, irresponsible activities are being done by it's staff members. WhyCYBERCRIME.GOV.IN, SEBI, CONSUMER COURT, eDAAKHILA.GOV.IN are there ? Worst, irresponsible customer support personnels. Is Groww a SCAM ! Very very unpleasant experiences. Some staff members are leaking investors personal sensitive data, why ? In this way, Groww is going to loose it's authenticity & goodwill very soon. Why appointing such staff who're harrassing thy customers ? Is GROWW a FRAUD !!"
Google Play,com.nextbillion.groww,2025-12-03T15:38:04Z,5,Chirag Aggarwal,very great app for options
Google Play,com.nextbillion.groww,2025-12-03T15:16:39Z,1,WANTED INDIAN,dont use this app for stocks too much brokerage and many extra charges applied might be use full for high end traders not fit for small and medium level traders
Google Play,com.nextbillion.groww,2025-12-03T14:59:08Z,5,manoj kalantre,very simple and good app. Beginners also can do everything regarding investment.
Google Play,com.nextbillion.groww,2025-12-03T14:38:00Z,1,Krishna Tamil,my account cash aoto pay please givi I am not open this app but cash transfer üò≠üíî please üôè give 112 rupees
Google Play,com.nextbillion.groww,2025-12-03T14:32:48Z,5,Rushikesh Pawar,Good app for investment and option trading
Google Play,com.nextbillion.groww,2025-12-03T13:28:11Z,2,mudit vijay,xirr for individual stock is not available which you hold. which is available in zerodha
Google Play,com.nextbillion.groww,2025-12-03T13:02:49Z,4,MR YOGii,"It's all good. But can you add an option/feature to hide some stocks/MF which we bought, at their respective dashboard page/section. As we all bought some stocks/MFs for short Time and as well as Long Time. While looking at the Short Time it always got eyes to Long Time stocks/MF, which affect mind a little bit. If there is an option to hide some stocks we can avoid to see them at day by day trading and keep them for Long Time."
Google Play,com.nextbillion.groww,2025-12-03T13:02:38Z,5,Rk Gudda,excellent experience
Google Play,com.nextbillion.groww,2025-12-03T12:15:36Z,5,chetan mankar,Groww More Ratings: Brokerage - Excellent Account Maintenance Fees - Excellent Website Usability - Excellent Research Capabilities - Excellent Customer Service - Excellent
Google Play,com.nextbillion.groww,2025-12-03T12:01:13Z,4,Harsh Shiyaniya,I am using this app since 3 years.It's been great experience with Groww Family since few months It shows me bug in my portfolio tab For example in Portfolio allocation it shows 18% on Small Cap but I clicked on that It shows me 1 specific share which 0.00% allocation and losses of 571 rs in that share make my small cap allocation negative and overall portfolio also negative..Please make necessary changes in new updates
Google Play,com.nextbillion.groww,2025-12-03T11:42:42Z,5,Mahabub Sayed,very good and immediate response
Google Play,com.nextbillion.groww,2025-12-03T11:16:21Z,5,pawan yeotkar,very easy and reliable app.
Google Play,com.nextbillion.groww,2025-12-03T10:57:24Z,5,Khemraj Patel,Trusted money platform
Google Play,com.nextbillion.groww,2025-12-03T10:49:04Z,5,Piyush Bisen,"the best app for investing. I love the interface and the evolutionary journey of groww makes me feel proud. They have brought changes step by step to make sure that customers cope up with the tech and small tips and tricks here and there is what I like the most, for example it shows the % change in stock price from the day I added that stock into my watchlist and many more"
Google Play,com.nextbillion.groww,2025-12-03T10:43:20Z,5,Meenakshi Soni,very simple app to handelüòä
Google Play,com.nextbillion.groww,2025-12-03T10:38:20Z,1,Hetansh Viradiya,worst trading experience and i open account money was automatically deducted and not shown transaction history and i withdraw money but not added in my account
Google Play,com.nextbillion.groww,2025-12-03T10:30:29Z,5,Ayub Ali,"I have been using groww for a while, I use groww mainly for mutual funds and SIPs, and the whole process feels simple and organised. Tracking all my investments in one place is really easy."
Google Play,com.nextbillion.groww,2025-12-03T10:25:21Z,5,GULSAN NISHAD,best trading app app is better then
Google Play,com.nextbillion.groww,2025-12-03T10:21:37Z,5,Jyothi R,"This platform is user-friendly, with seamless execution for stock trading and investing. I love the detailed market insights and the ability to trade in equity, derivatives, and mutual funds all in one place. Their customer service is top-notch too, making trading stress-free. and very easy to see the sip viewand graph."
Google Play,com.nextbillion.groww,2025-12-03T09:52:50Z,1,Naresh Raj Purith,it is worst app for brokerage high charge don't use
Google Play,com.nextbillion.groww,2025-12-03T09:30:05Z,5,ramanath bhat,good. please add multiwindow option when we open the chart. otherwise we have to go back every time and open the chat for the search of new company otherwise everything is sooper..
Google Play,com.nextbillion.groww,2025-12-03T08:58:17Z,5,Ram Devarth,very good app easy learning ‡§ß‡§®‡•ç‡§Ø‡§µ‡§æ‡§¶ ‡§ß‡§®‡•ç‡§Ø‡§µ‡§æ‡§¶ ‡§ß‡§®‡•ç‡§Ø‡§µ‡§æ‡§¶
Google Play,com.nextbillion.groww,2025-12-03T08:42:34Z,5,Bhishm Sahu,very good app.........
Google Play,com.nextbillion.groww,2025-12-03T08:32:24Z,5,Rather Tanveer Ahmed,best application for market investment in india
Google Play,com.nextbillion.groww,2025-12-03T08:19:07Z,5,Jyoti Patil,it's very easy to handle
Google Play,com.nextbillion.groww,2025-12-03T07:22:52Z,1,Vishnu Vijayan,There was an issue with the SIP mutual fund & I tried to contact them all the way. And my calls are simply cancelled & when I tried to send a message through groww still no response. Now in case of an emergency I don't know what I should do or whom I need to contact for support. I hope this issue gets rectified soon.
Google Play,com.nextbillion.groww,2025-12-03T01:38:21Z,2,VIVEK,"Previously under F&O category Option chain, Call and PUT OI along with their Prices are shown in single screen but now only Prices are showing, every time I open the option chain it's really annoying, kindly revert this update"
Google Play,com.nextbillion.groww,2025-12-03T00:32:03Z,5,Bittu Das,It has played a very important role in my life.
Google Play,com.nextbillion.groww,2025-12-02T23:19:44Z,5,badhuru iqbal,Multi chart view is required.
Google Play,com.nextbillion.groww,2025-12-02T23:06:56Z,5,Rashu Kumar Sirohi,Best Trading app for beginners...
Google Play,com.nextbillion.groww,2025-12-02T22:53:19Z,1,SONU,fudu sa option chain bna diya hai bahut jada slowly warak karta hai chart ko edit karne ka option nahi diya hai
Google Play,com.nextbillion.groww,2025-12-02T21:21:48Z,1,Nakum Vijay,never received call or not solved any issue regarding app
Google Play,com.nextbillion.groww,2025-12-02T20:29:51Z,5,Manoj Pandya,earn money from groww! üëç
Google Play,com.nextbillion.groww,2025-12-02T20:17:07Z,1,Prashanth,no ofs option is showing please check this issue
Google Play,com.nextbillion.groww,2025-12-02T18:27:34Z,5,Aman Rajpal,THNKS FOR IPO PANCRDNO GGOPP3561B
Google Play,com.nextbillion.groww,2025-12-02T18:26:50Z,1,Radhesh R,"Terrible app for swing traders. They show good profits while trading, but after order execution they cut massive hidden charges and deductions. A profit that should be a few hundred rupees becomes just a few rupees because of their loot-level fees. Absolutely misleading and not transparent. Swing traders, stay away. Try some other app"
Google Play,com.nextbillion.groww,2025-12-02T17:47:07Z,4,Nitesh Kumar,nice this app treding..
Google Play,com.nextbillion.groww,2025-12-02T15:50:58Z,4,sandip Raut,"please update the scalper option,,to edit the expiry date,,and strike price of index"
Google Play,com.nextbillion.groww,2025-12-02T15:34:32Z,5,Uttam Saini,Best app give money but invest Long time nahi to lose hoga üíÄ
Google Play,com.nextbillion.groww,2025-12-02T14:42:49Z,1,Sminil Pereira,"Need kill switch button for FnO, I know it's already available but it can be disabled also on the same day, make it in such a way that after enabling it, it should be blocked until next trading day"
Google Play,com.nextbillion.groww,2025-12-02T14:18:22Z,2,Subham,Very limited features. Don't provide much features for stock analysis etc very few stocks are visible..
Google Play,com.nextbillion.groww,2025-12-02T14:02:21Z,4,Rakesh ahirwar,nice wat propar sell odar not working
Google Play,com.nextbillion.groww,2025-12-02T13:18:32Z,5,Ravinder Chouhan,So easy to understand and work flow less
Google Play,com.nextbillion.groww,2025-12-02T13:01:34Z,1,Sreethu M S,"app had a lag and not always real time, very bad customer service and not friendly for beginners"
Google Play,com.nextbillion.groww,2025-12-02T12:59:41Z,4,Suprith k Mithra,"user friendly, understand quick & easy."
Google Play,com.nextbillion.groww,2025-12-02T12:37:48Z,1,Jaskaran Handa,one of the worst app i have ever used their customer service is pathetic they take hours to reply and most of them don't know what to do. they were not able to solve a tiny Autopay issue. there are many more other brokers please don't the same mistake as mine you will regert later.
Google Play,com.nextbillion.groww,2025-12-02T12:31:29Z,1,Pratap Borade,indmony ‡§µ‡§∞ future & option ‡§∏‡§æ‡§†‡•Ä ‚Çπ5 ‡§Ü‡§π‡•á groww ‡§µ‡§∞ ‡§§‡•á‡§ö ‚Çπ20 ‡§ò‡•á‡§§‡§æ‡§§ future &option ‡§∏‡§æ‡§†‡•Ä indmony ‡§ö‡§æ‡§Ç‡§ó‡§≤‡§æ ‡§Ü‡§π‡•á
Google Play,com.nextbillion.groww,2025-12-02T12:23:17Z,1,Yash Jain,"I have been a groww user and started using groww upi to invest. it's been 2 days that I haven't received upi mandate to invest in ipo. When will it come, when it will shut down and then they doesn't allow to change mode of payment. Even help looks like no use. What a shameful act by groww."
Google Play,com.nextbillion.groww,2025-12-02T12:02:31Z,1,Pradeep Kaul,Groww Customer Support I am waiting for a response from Customer Support chat for the last 15 minutes to my query but no reply. This is unprofessional and poor customer service
Google Play,com.nextbillion.groww,2025-12-02T11:40:32Z,4,Keya Chakraborty,+Groww App is the best only for mutual fund and investment. ‚ù§Ô∏èüëç -(Not option trading )‚ùå (Option trading is not good because no position was showing Sometimes after buying punching the order) overall groww best 10/8
Google Play,com.nextbillion.groww,2025-12-02T11:25:31Z,5,The Anubhav,Best App for all beginners and pro simply amazing great job by Groww Team keep it up.
Google Play,com.nextbillion.groww,2025-12-02T11:24:03Z,5,Nilesh,i cannot view the ipo related videos now with the latest update. Please fix the bug. *Edit*: it fixed on its own. idk how.
Google Play,com.nextbillion.groww,2025-12-02T11:03:21Z,1,Vinod SV,too much glich in grow app
Google Play,com.nextbillion.groww,2025-12-02T11:01:47Z,2,SHOW TECH,too much buffering fix it
Google Play,com.nextbillion.groww,2025-12-02T11:00:36Z,5,Soumik Pal,this is very good app
Google Play,com.nextbillion.groww,2025-12-02T10:57:38Z,1,reuelscientific chemical,"""Groww ka customer support bilkul satisfactory nahi hai. Response time bohot slow hai aur queries ka proper solution nahi milta. Itne bade platform ke hote hue bhi customer issues ko seriously handle nahi kiya jaata. Kripya customer support ko fast, helpful aur responsive banaya jaye. Users ko timely assistance milna bahut zaroori hai."""
Google Play,com.nextbillion.groww,2025-12-02T10:33:17Z,5,Arvind Suresh,"Please add an option for Dividend Reinvestment Plans (DRIPs) for Dividend Stock Holders. Also, please add Commodities and Forex to the app."
Google Play,com.nextbillion.groww,2025-12-02T10:12:34Z,5,Shayan Sufiyan,best app for beginners
Google Play,com.nextbillion.groww,2025-12-02T10:00:31Z,5,Raman Khanna,this app simplify market and trading
Google Play,com.nextbillion.groww,2025-12-02T09:58:28Z,3,Ganesh More,"Love this app, but can you implement a feature to gift a stocks from 1 portfolio to another or other person's portfolio?"
Google Play,com.nextbillion.groww,2025-12-02T09:47:59Z,5,Vikash E.S,the is best sip of India
Google Play,com.nextbillion.groww,2025-12-02T09:27:50Z,5,asit kumar mishra,groww is one of our future wealth wishers.. thanks üëç
Google Play,com.nextbillion.groww,2025-12-02T07:30:24Z,1,Vinayak G.,Bhikari App Asking to pay Rs.100+GST for changing contact details.
Google Play,com.nextbillion.groww,2025-12-02T07:08:33Z,1,manoj pal,I have been trying to change my account number for a long time but it has still not changed.
Google Play,com.nextbillion.groww,2025-12-02T03:36:53Z,5,Aman sharma,best for you beginners
Google Play,com.nextbillion.groww,2025-12-02T00:11:27Z,4,Pujan Tamang,"Good app for Mutual Funds, but investing directly on stocks is not as good as INDmoney. Hope we can link our external stocks here too like we can with our mutual funds."
Google Play,com.nextbillion.groww,2025-12-01T23:45:24Z,5,BHASKAR DAS GUPTA,GROWW NEW UPDATE IS AWESOME. SEEN FULL OPTION CHAIN AND GREEKS. FOR BETTER TRADING EXPERIENCE.THANK YOU SO MUCH. GROWW IS THE BEST TRADING PLATFORM IN INDIA. I LOVE YOU GROWW.
Google Play,com.nextbillion.groww,2025-12-01T22:58:18Z,5,prashanth umapathi,safe and good to use...I'm using from 10yrs
Google Play,com.nextbillion.groww,2025-12-01T22:32:47Z,5,Nagpal Darji,good app . please add us stock feature in mobile app . .
Google Play,com.nextbillion.groww,2025-12-01T22:16:03Z,4,Ritesh Sahu,"groww app is showing wrong candle of index chart .Ex, when market up side showing red candle in movementum and when market down side movementum showing green candle. that's wrong indicate. not true. please improve , I notised this last 6 month, fourth time's. if you want screenshot i will share to you cantact me."
Google Play,com.nextbillion.groww,2025-12-01T22:10:52Z,5,Naresh kalakuntla,it's easy to using an app
Google Play,com.nextbillion.groww,2025-12-01T22:02:14Z,1,The Cuber,good app but sells my data to 3rd party stock brokers
Google Play,com.nextbillion.groww,2025-12-01T21:32:34Z,2,Gugloo Tiwari,There is very unexpected from the side of grows company. They will start charge for edit personal details in grow app.
Google Play,com.nextbillion.groww,2025-12-01T21:26:58Z,5,arjun baiga,share market is the best apps ü•∞ü•∞
Google Play,com.nextbillion.groww,2025-12-01T21:24:03Z,5,Nijara bharali,great app to start investing
Google Play,com.nextbillion.groww,2025-12-01T20:50:47Z,5,Pooja Kumari,Simple use for a beginners
Google Play,com.nextbillion.groww,2025-12-01T20:44:15Z,4,Parthiv Savaj,need some more improvement. btw good application.
Google Play,com.nextbillion.groww,2025-12-01T20:19:56Z,1,pankaj kumar Pandey,groww ke system glitch kafi hai.
Google Play,com.nextbillion.groww,2025-12-01T20:17:04Z,5,Mohd. Faheem,very useful for beginners
Google Play,com.nextbillion.groww,2025-12-01T18:05:24Z,3,siraj khan,"There is no feature of "" Profit / Loss in Percentage"" for open positions. Only amount is shown....."
Google Play,com.nextbillion.groww,2025-12-01T16:23:52Z,2,A J,App sahi hai... Chalana bhi easy hai magar kabhi kabhi order execute krne me problem ho jati hai... Sabse badi problem to ye hai ki inka brokerage ‚Çπ40-‚Çπ54 per trade or taxes alag se ‚Çπ15-‚Çπ20 hota jo bahut hi disappointed hai is tarah har order execute krne me ‚Çπ50+ kat jata hai... agar esa hi chlta raha to bahut jldi mujhe groww app chodna padega... Iske prblm ke liye mai already other app search krne me Lg chuka hu..
Google Play,com.nextbillion.groww,2025-12-01T16:15:46Z,1,sasanala chandana,I am unable to open my app it's not responding
Google Play,com.nextbillion.groww,2025-12-01T15:53:02Z,5,Vivek Kumar,very much easy and best app for investment must trusted and reliable.
Google Play,com.nextbillion.groww,2025-12-01T15:44:36Z,3,mahennautiyal,application glith shows something and the actual result is different. Trade gets closed and the screen shows a strange amount which was not there during trade.
Google Play,com.nextbillion.groww,2025-12-01T15:39:46Z,5,Dr. HARIHARAN,user friendly more options for making money and doing investment here
Google Play,com.nextbillion.groww,2025-12-01T15:28:02Z,1,sahim khan,every time when index goes up it's getting hang worst experience for future and options üëé
Google Play,com.nextbillion.groww,2025-12-01T14:41:46Z,5,Sampreeti Nayek,AMAZING SUPERB XCELLENT
Google Play,com.nextbillion.groww,2025-12-01T13:43:49Z,5,Nageswar S A P,add global market for investment
Google Play,com.nextbillion.groww,2025-12-01T13:41:59Z,1,Deekshith Challa (Creative soul dreamer),too much CHARGES and TAXES. if you get 100rs profit 50-60rs will be taxes while buying and for maintaining and for even selling the stocks.! worst experience I have been using thinking getting profits for trading but everything is loss when you use trade buy sell stocks through Grow.! advice you to not use grow. better there are a lot of platforms! compare others but don't come to grow. even upstox is also useless it charges montly and yearly charges. better go for zeroda.
Google Play,com.nextbillion.groww,2025-12-01T13:00:26Z,4,Akshansh Raghav,good App but brokrage charge thoda kam hona chahiye. .
Google Play,com.nextbillion.groww,2025-12-01T12:58:55Z,1,Vishnu Mohanan,Unable to see all stock SIPs in one place üëé
Google Play,com.nextbillion.groww,2025-12-01T12:49:38Z,1,naveen sharma,Nifty 50 mein Triggered 65 Target Par archive hone k baad bhi sell naa hokar 59.25 kar diya
Google Play,com.nextbillion.groww,2025-12-01T12:22:49Z,1,Chandni Ladani,bad app can't deposit money or withdraw it.
Google Play,com.nextbillion.groww,2025-12-01T12:12:56Z,1,manmeet singh,very expensive brokerage charge
Google Play,com.nextbillion.groww,2025-12-01T11:31:24Z,3,dharmendra saini,please update new feature but this application amezing
Google Play,com.nextbillion.groww,2025-12-01T11:31:16Z,2,Pallavi Golatkar,Chart takes time to load
Google Play,com.nextbillion.groww,2025-12-01T11:25:29Z,5,Altaf,best trading app but charges are too High
Google Play,com.nextbillion.groww,2025-12-01T11:09:01Z,1,Rina Jaiswal,"this app , cut money automatically"
Google Play,com.nextbillion.groww,2025-12-01T10:57:50Z,5,Sankalp Raj Dwivedi,"very good app good interface, for investing."
Google Play,com.nextbillion.groww,2025-12-01T10:51:34Z,5,Dharmesh Rathod,best app ever used and recommend to everyone in this world
Google Play,com.nextbillion.groww,2025-12-01T10:19:30Z,5,Kamlesh KD,Charge a little less
Google Play,com.nextbillion.groww,2025-12-01T10:17:45Z,5,Omkar Jangle,this app is nice but feature complicated for beginners advance understand please. thanks üëçüèª
Google Play,com.nextbillion.groww,2025-12-01T10:11:58Z,5,Rakesh Sahoo,"good ui, nothing other"
Google Play,com.nextbillion.groww,2025-12-01T09:47:10Z,1,bala venkatareddy,worst service go to zerodha
Google Play,com.nextbillion.groww,2025-12-01T09:41:54Z,5,Dibyajyoti Dang,it would be a good addition to this app if we can calculate how much shares we need to buy to make the average price near to the market value.
Google Play,com.nextbillion.groww,2025-12-01T09:30:43Z,5,Biswaranjan Paul,Nice app for invester
Google Play,com.nextbillion.groww,2025-12-01T09:19:31Z,4,PPM Entertainment,learn from growe share market
Google Play,com.nextbillion.groww,2025-12-01T09:14:38Z,1,Nilesh Bais,server down today app not working
Google Play,com.nextbillion.groww,2025-12-01T09:11:54Z,5,kailashchandra teli,please add stock rent service
Google Play,com.nextbillion.groww,2025-12-01T07:45:53Z,1,Alex Alex,"4h charts and some small TFs are not visible fully, only a partial area is working in charts"
Google Play,com.nextbillion.groww,2025-12-01T07:27:20Z,5,Usha Rani,very good and easy app for beginners
Google Play,com.nextbillion.groww,2025-12-01T07:04:53Z,4,Jamila khatun Kadri,very best experience because all of the method was very easly clear and very smoothly process is clear
Google Play,com.nextbillion.groww,2025-12-01T06:31:54Z,4,Pravin gawas,good platform for mutual fund
Google Play,com.nextbillion.groww,2025-12-01T02:30:25Z,5,sahani anil,everything is a good but without trailing stop loss feature seems to be worth
Google Play,com.nextbillion.groww,2025-12-01T01:01:23Z,5,SIVA KUMAR,very good experience
Google Play,com.nextbillion.groww,2025-11-30T23:44:42Z,4,Sunil Kumar,this app is Fantastic üòç and my opinion in india number one trading platform üôèüôèand customer service peacefully üëçüëçüëç
Google Play,com.nextbillion.groww,2025-11-30T23:15:34Z,5,Kundan Singh,good excellent app investment
Google Play,com.nextbillion.groww,2025-11-30T23:07:54Z,5,shubham p suryawanshi,excellent app I have only one issue with mf investment many times I place mf redemption or investment orders but after I realise that I placed wrong amount or doesn't need that redemption then I can not cancel mf order like stock order
Google Play,com.nextbillion.groww,2025-11-30T22:40:24Z,5,Rvshwet Vishwakarma,extent app for treders trustable
Google Play,com.nextbillion.groww,2025-11-30T22:30:13Z,5,Shivam Kgs,super best quality app
Google Play,com.nextbillion.groww,2025-11-30T22:16:32Z,3,Rina Soni,please instant update chart all indicator trend line layout every thindin app hardly request
Google Play,com.nextbillion.groww,2025-11-30T21:46:57Z,5,Dhaval Dabgar,very useful aap for stocks
Google Play,com.nextbillion.groww,2025-11-30T21:37:55Z,5,Priyanshu Raj,wow satisfied me this app
Google Play,com.nextbillion.groww,2025-11-30T20:28:44Z,4,Massu Vatti,brokerage charges jayada hai üò≠üò≠üôè
Google Play,com.nextbillion.groww,2025-11-30T20:02:13Z,5,bikash Roy,all good but needed more features
Google Play,com.nextbillion.groww,2025-11-30T18:50:45Z,1,Gobinda Patra,mtf interest related fraud
Google Play,com.nextbillion.groww,2025-11-30T17:55:25Z,4,Anirudh T.S,the graphs keep getting stuck . Fix this issue as soon as possible. Edit: This problem has been fixed so no issues. Everything else is good
Google Play,com.nextbillion.groww,2025-11-30T16:37:29Z,5,Navjyoti Kumar,"great finance app, easy user interface"
Google Play,com.nextbillion.groww,2025-11-30T15:25:48Z,5,Prajyot Gosavi,"groww is India's no 1 share market trading investment app it is user friendly a nd easy to use i requesting groww to start showing 5 second, 10 Seconds candelstick soon like upstox thanks growwüôè"
Google Play,com.nextbillion.groww,2025-11-30T14:07:34Z,5,Ajay Kokani,Groww Stokes best ‚ù£Ô∏è
Google Play,com.nextbillion.groww,2025-11-30T14:00:32Z,5,Gaurav gautam,"I am using this app from last many years, it is very easy to use and the service is also good."
Google Play,com.nextbillion.groww,2025-11-30T13:31:15Z,5,My Lamney,superb feelingsü•∞üï∫üòéüíïü§ç match starrt like back years on #Dream11
Google Play,com.nextbillion.groww,2025-11-30T12:31:00Z,5,Wasim Luhar,great user experience in application.
Google Play,com.nextbillion.groww,2025-11-30T12:20:06Z,5,Ajay Ahir,refr earn is not working
Google Play,com.nextbillion.groww,2025-11-30T12:01:23Z,1,santosh kakani,"this broker charges wrong brokerage charges and brokerage is @ 0.1 % of transaction value and for me its more than @ 0.15 %,"
Google Play,com.nextbillion.groww,2025-11-30T11:28:22Z,1,Rajendra Mishra,not proper response and delay service
